Index,Zeit,Langenanderung,Temperatur
1,0,0,19.25549316
2,1.66675794,-0.22782707,19.14255714
3,3.3335371,-0.22508192,18.99023056
4,5.00024223,-0.22508192,19.79589462
5,6.66714716,-0.23057175,19.39260674
6,8.33359909,0.41722584,24.73519325
7,10.00024796,1.09521723,29.67774963
8,11.66744041,1.78144336,35.05675125
9,13.33386707,2.44022059,40.17470932
10,15.0005312,3.10448742,44.72900009
11,16.66697311,3.77424431,50.13692474
12,18.33428574,4.49615431,54.85713577
13,20.00075722,5.14120722,59.94184494
14,21.66682434,5.77802515,64.97382355
15,23.33430099,6.39562845,69.86300659
16,25.0010128,7.10930395,75.08834839
17,26.66761017,7.75710154,80.01390839
18,28.33359909,8.42411423,85.16928101
19,30.00101852,9.10759544,89.99977112
20,31.66751099,9.79107666,94.95603943
21,33.33387756,10.46632195,100.0822754
22,35.00002289,11.14431381,105.1049118
23,36.66716003,11.83603096,109.9407959
24,38.33329773,12.55519485,114.9444656
25,40.00066757,13.20299339,119.9130478
26,41.66673279,13.90294456,124.8172226
27,43.33386612,14.58093643,129.9734039
28,45.00063324,15.31657028,134.9719391
29,46.66698837,16.05769348,140.0076141
30,48.33336639,16.68078804,144.8371124
31,50.0007019,17.44387054,150.0002899
32,51.66728973,18.16029167,154.9135742
33,53.33427048,18.82730293,159.9611664
34,55.0007515,19.51627541,165.0766449
35,56.66739273,20.26837921,170.0493927
36,58.33431625,20.9326458,175.1206055
37,60.00066376,21.58593369,179.9875336
38,61.66693115,22.27490425,184.9425659
39,63.33337021,22.9776001,190.0027313
40,65.00019836,23.71048927,195.0643463
41,66.66721344,24.45161438,200.050766
42,68.33394623,25.1570549,204.8389435
43,70.0002594,25.87347412,209.9645233
44,71.66716003,26.55146599,214.9550018
45,73.33358002,27.30082512,219.9233856
46,75.00035858,28.00077629,224.8470001
47,76.66729736,28.78307343,230.0736389
48,78.33422852,29.43361664,235.1112366
49,79.99994659,30.21042442,240.1035919
50,81.66665649,30.93782425,245.0206604
51,83.33385468,31.72286797,250.0729675
52,85.00038147,32.491436,255.0681
53,86.66694641,33.22432709,260.0827637
54,88.33348083,33.97093964,265.0536804
55,90.00019836,34.73402405,270.0967102
56,91.66658783,35.52181244,274.9594421
57,93.33406067,36.30960083,280.0837097
58,95.00053406,37.08641052,285.0001221
59,96.66673279,37.88517761,289.8283386
60,98.33324432,38.65100479,295.0167542
61,100.0007858,39.43055725,300.0865784
62,101.66716,40.21834564,305.1256104
63,103.3336029,40.98966599,310.2045898
64,104.9999008,41.79941177,314.9978333
65,106.6672974,42.5487709,319.967865
66,108.3332977,43.32832336,325.0762024
67,110.0009003,44.12709045,330.014679
68,111.667305,44.84899902,334.9844055
69,113.3337174,45.60659409,340.0224304
70,115.0001755,46.39163589,344.9470215
71,116.6668396,47.12452698,350.0828247
72,118.3336182,47.90956879,354.8895264
73,120.0000763,48.63697052,359.9890137
74,121.6667709,49.36711502,364.9642944
75,123.3337555,50.11372757,370.0917664
76,125.0004501,50.81367874,374.9049072
77,126.6667862,51.55754852,380.1001282
78,128.3335724,52.22730637,385.0954895
79,130.0003052,52.99038696,390.0266419
80,131.6674194,53.69582748,394.9171143
81,133.3340912,54.40676117,400.0380859
82,135.0008545,55.13690567,405.0368652
83,136.6675873,55.82313156,410.1373901
84,138.334198,56.52857208,415.134491
85,140.000473,57.22028732,420.0303955
86,141.6668396,57.9092598,425.1345215
87,143.333725,58.6037178,429.9820252
88,145.0005188,59.30641556,435.1107178
89,146.6674194,60.02558136,440.0172119
90,148.3339386,60.69533539,445.0120544
91,150.0006714,61.39254379,449.9829712
92,151.6673431,62.0540657,455.1315308
93,153.3337097,62.77597427,460.055481
94,155.0003662,63.50611877,465.0200501
95,156.667038,64.20606995,470.0108948
96,158.3332062,64.96366119,475.0744629
97,160.0000916,65.63890839,480.0990906
98,161.6674194,66.40473938,485.1079102
99,163.3341827,67.1074295,490.1311035
100,165.0002136,67.81835938,495.0337219
101,166.6666107,68.55125427,500.1750488
102,168.3334351,69.29238129,504.90802
103,170.0000763,70.09663391,509.9911499
104,171.6666565,70.85971832,515.024353
105,173.3341827,71.64750671,519.9835205
106,174.9999542,72.34745789,525.0209961
107,176.6674652,73.09407043,529.9209595
108,178.3338013,73.93401337,534.9321899
109,180.0003967,74.6504364,539.8709717
110,181.6670075,75.49861145,545.1204834
111,183.3339386,76.19032288,550.1121216
112,185.0003357,77.03026581,554.9293823
113,186.6669464,77.81530762,560.0819702
114,188.3332825,78.57289886,564.9998169
115,190.0008698,79.42655945,569.8895264
116,191.66716,80.19788361,575.0227051
117,193.3334808,80.9966507,579.9832153
118,195.000061,81.76797485,584.9476929
119,196.6672974,82.61064911,590.0775147
120,198.3333893,83.37099457,594.9641724
121,200.0004273,84.16427612,599.7462158
122,201.667511,84.99049377,605.0765991
123,203.3332062,85.79199982,609.9840088
124,205.000824,86.57155609,614.8914795
125,206.6665497,87.36209106,620.0735474
126,208.3335724,88.14713287,624.8438721
127,210.0001526,88.98432922,630.1525879
128,211.6674652,89.75015259,635.1038208
129,213.3339996,90.53245544,640.1166992
130,215.0005951,91.27907562,644.9090576
131,216.6667786,92.04489899,649.9406738
132,218.3334656,92.84915924,654.9401245
133,220.0001526,93.62320709,659.8847656
134,221.6669006,94.38080597,664.9554443
135,223.3338013,95.17133331,669.9580689
136,225.0002747,95.95088959,675.0983887
137,226.6670837,96.63986969,680.0437012
138,228.3337402,97.46607971,685.0596924
139,230.000351,98.13584137,690.0500488
140,231.6669464,98.94833374,695.0186157
141,233.3335266,99.63730621,700.0980225
142,235.0007935,100.3647003,704.9395142
143,236.667038,101.1195526,710.0985718
144,238.3334656,101.8002853,715.1733398
145,240.0001068,102.5057297,720.0223389
146,241.6668701,103.1699982,724.9844971
147,243.3331757,103.776619,729.9660034
148,244.9999085,104.2624664,734.8703613
149,246.6666565,104.6385193,740.1965332
150,248.333725,105.2231827,744.753418
151,249.9998474,104.4244156,750.0188599
152,251.6664276,101.8661652,754.984314
153,253.3336792,99.75533295,759.9984131
154,254.9999542,98.28131866,765.001648
155,256.6669312,97.20257568,769.9979858
156,258.3336792,96.39007568,774.8674316
157,259.9998474,95.7614975,780.0161743
158,261.6673889,95.15487671,785.0383911
159,263.3338623,94.64706421,789.9262695
160,265.0001221,94.1557312,794.9921265
161,266.6673584,93.87026215,799.9580078
162,268.3336487,93.5408783,805.0873413
163,270.0000305,93.31030273,809.9448242
164,271.6673279,93.22246552,814.8493652
165,273.3338623,93.16756439,820.1554565
166,275.0004273,93.32951355,825.1200562
167,276.6668701,93.53263092,829.8607178
168,278.333313,93.96907806,835.0695801
169,280.0006409,94.605896,839.9899292
170,281.6670837,95.28663635,845.0500488
171,283.3336182,96.19519043,849.8513794
172,285.0002441,97.16688538,854.991394
173,286.6668396,98.26210785,859.9243164
174,288.3334656,99.40947723,865.107544
175,289.9998474,100.5458679,870.0775757
176,291.6674194,101.6685333,874.8566284
177,293.333374,102.804924,880.0828247
178,295.0001526,103.9687653,884.8789063
179,296.6671753,105.2067184,890.0603027
180,298.333374,106.3870239,894.8951416
181,300.000061,107.5618439,900.0174561
182,301.6672974,108.7037201,904.8991699
183,303.3332825,109.8456039,910.1737671
184,304.9997253,111.0561066,914.9934082
185,306.6671753,112.1677933,920.0111084
186,308.3338318,113.2575302,924.7557373
187,310.0005493,114.4378281,930.0408325
188,311.6674194,115.5961838,935.1577759
189,313.3330383,116.7051239,939.7967529
190,315.0004578,117.8168106,945.2081299
191,316.6665344,118.9422226,949.935791
192,318.3331604,120.0072403,955.2124634
193,320.0002136,121.1381455,959.9664307
194,321.6668396,122.2882614,964.9697876
195,323.3338928,123.394455,970.1157227
196,325.0001831,124.5171204,975.000061
197,326.6665955,125.5903778,979.9185791
198,328.333374,126.7542191,984.9717407
199,330.0007324,127.8384628,989.9953613
200,331.6667481,128.9391632,995.0014038
201,333.4670105,130.1194763,1000.311768
202,335.2676086,129.9822235,1000.296021
203,337.0671997,129.8587036,999.9949341
204,338.8669739,129.8038178,1000.022034
205,340.6674194,129.8038025,999.9907227
206,342.4675598,129.7653809,1000.101257
207,344.2677918,129.74617,1000.054138
208,346.0675964,129.726944,1000.080383
209,347.867157,129.7708588,1000.025513
210,349.6669617,129.6912842,1000.081482
211,351.4668884,129.7242127,999.9675293
212,353.2668152,129.7214813,999.9366455
213,355.0668945,129.7406616,999.9014282
214,356.8668213,129.8230286,999.9219971
215,358.6669922,129.7324371,999.9448242
216,360.46698,129.7379303,1000.097473
217,362.2671814,129.7708588,999.9573975
218,364.0670471,129.7983246,999.9005737
219,365.8673401,129.8532257,999.9368897
220,367.6671753,129.7928314,999.8551636
221,369.46698,129.8477478,1000.104004
222,371.2668762,129.8312531,999.9473267
223,373.0677185,129.8669434,999.8574829
224,374.8675232,129.8861542,999.9158325
225,376.6676025,129.8971405,1000.058716
226,378.4674072,129.91362,1000.084473
227,380.2671814,129.9273377,1000.009888
228,382.0669556,129.8971405,999.9320068
229,383.867157,129.9300842,1000.003479
230,385.6672058,129.9300842,1000.132446
231,387.467804,129.9328156,999.8417969
232,389.2674866,129.9465485,999.8660278
233,391.0672607,129.9959564,999.9053955
234,392.8672791,129.949295,999.8851318
235,394.6671753,130.0124207,999.8447266
236,396.4671936,130.0261536,999.9868164
237,398.2671814,130.0261536,1000.127502
238,400.0672607,130.0234222,1000.098633
239,401.8671875,130.0289002,1000.030884
240,403.6671753,130.0069275,999.8673096
241,405.4671936,130.0975189,1000.105713
242,407.2670593,130.0453644,999.9421997
243,409.0671997,130.0453796,999.9273071
244,410.8672485,130.0700684,999.8074951
245,412.6674194,130.0398712,1000.05011
246,414.4674377,130.0618286,999.7960815
247,416.2671204,130.0645752,999.9595947
248,418.0668335,130.1414337,1000.187927
249,419.8667908,130.0865326,999.9507446
250,421.6676941,130.1222229,1000.033569
251,423.4668274,130.1304627,999.9279175
252,425.2668457,130.1551666,1000.018982
253,427.0668335,130.1880951,1000.043823
254,428.8668518,130.1441956,999.9223633
255,430.667572,130.1606445,999.9702148
256,432.4677124,130.1469269,999.8712158
257,434.2675171,130.2127991,1000.112366
258,436.0673523,130.1359406,999.9310913
259,437.8672485,130.1826019,999.8522339
260,439.6671448,130.1716309,999.9087524
261,441.46698,130.1935883,999.9932861
262,443.2668762,130.1332092,1000.037598
263,445.067627,130.2073059,999.9921265
264,446.8675537,130.1386871,999.9014282
265,448.6676941,130.1826019,1000.043823
266,450.4675293,130.1880951,1000.054871
267,452.2672424,130.262207,1000.063843
268,454.0670471,130.2814179,999.8806152
269,455.8672791,130.336319,999.956604
270,457.6672363,130.3390656,999.8733521
271,459.4671936,130.4735718,999.9121704
272,461.2671814,130.5092468,1000.066284
273,463.0672607,130.55867,999.9954224
274,464.867218,130.5806274,999.8434448
275,466.6672058,130.5202332,1000.004822
276,468.4673767,130.5614014,1000.047363
277,470.2674561,130.5696411,1000.140076
278,472.0672302,130.6108093,1000.019409
279,473.867218,130.6080627,1000.03656
280,475.6673584,130.6163025,999.9402466
281,477.466919,130.6492462,999.9265747
282,479.2675476,130.6904144,1000.06189
283,481.0675964,130.6821747,999.9811401
284,482.8673096,130.6355133,999.9654541
285,484.6670532,130.6821747,999.9680176
286,486.4672241,130.7315826,999.8733521
287,488.2670288,130.7014008,999.8636475
288,490.0671082,130.7425537,999.9970093
289,491.8670349,130.7206116,1000.082642
290,493.6672974,130.7370758,1000.057068
291,495.4668579,130.7947235,999.9936523
292,497.2672424,130.767273,999.972168
293,499.0672913,130.7288513,1000.016235
294,500.8675232,130.8166809,999.9884644
295,502.6674194,130.7892304,999.9928589
296,504.4674988,130.8276672,1000.125977
297,506.2673645,130.7809906,1000.091003
298,508.0672302,130.8029633,999.960083
299,509.8670044,130.8111877,1000.013062
300,511.6676025,130.8221741,999.9902344
301,513.333313,130.8056946,999.9330444
302,513.3436279,130.8194275,999.9794312
303,513.3542481,130.8496246,1000.008728
304,513.3648071,130.8002167,1000.003906
305,513.3753662,130.8111877,999.9428101
306,513.3859863,130.8194275,999.6820679
307,513.4483643,130.6025848,998.7579346
308,513.5339966,130.3500519,997.6532593
309,513.5900879,130.1359406,996.6269531
310,513.6355591,129.8724365,995.5812378
311,513.6821289,129.6583252,994.4884644
312,513.7223511,129.3920746,993.4470215
313,513.7763672,129.0544586,992.3739014
314,513.8154907,128.8293762,991.309082
315,513.8567505,128.5960388,990.2391357
316,513.8874512,128.4258728,989.18396
317,513.920166,128.1870575,988.2467041
318,513.9614258,127.8960953,987.1177368
319,513.9963379,127.6490555,985.9386597
320,514.0301514,127.3882904,984.960083
321,514.0609131,127.1934052,983.9436035
322,514.0884399,126.982048,982.9024048
323,514.1169434,126.7487259,981.838562
324,514.1466065,126.5675659,980.7809448
325,514.1751709,126.3424835,979.7265625
326,514.2058716,126.1146545,978.6743774
327,514.2353516,125.8209534,977.6212158
328,514.2629395,125.6727295,976.5552368
329,514.2946777,125.3872528,975.463562
330,514.3179932,125.1731567,974.421814
331,514.3497315,124.9206238,973.2678833
332,514.3720093,124.7394562,972.3464356
333,514.4005737,124.4512405,971.1660767
334,514.4238281,124.3249664,970.194519
335,514.4503174,124.0669556,969.1030273
336,514.4724731,123.883049,968.1749268
337,514.5009766,123.6305161,967.022522
338,514.529541,123.3917084,965.9517822
339,514.5528565,123.1748657,964.9017334
340,514.5814819,122.9195938,963.7390747
341,514.6047363,122.6972504,962.6831665
342,514.6248169,122.5243073,961.7279053
343,514.6491089,122.2745361,960.666687
344,514.6744995,122.063179,959.5197144
345,514.6945801,121.9012299,958.5752564
346,514.7166748,121.6432037,957.4570923
347,514.7399292,121.4208679,956.4033814
348,514.7611084,121.2753906,955.4117432
349,514.781189,121.094223,954.3560791
350,514.8013916,120.8773651,953.2478638
351,514.824646,120.6687775,952.203125
352,514.8468628,120.4519196,951.131958
353,514.8690796,120.2652664,950.0952759
354,514.8913574,119.9962616,948.9833374
355,514.9134522,119.8013763,947.8794556
356,514.935669,119.5570755,946.8666992
357,514.954773,119.4006195,945.8078003
358,514.979126,119.1645584,944.6835938
359,514.998169,118.9696655,943.7212524
360,515.0183106,118.7281189,942.6609497
361,515.041626,118.5195007,941.5098267
362,515.0628052,118.3136368,940.4771118
363,515.0828857,118.1461945,939.4315796
364,515.1029663,117.9540558,938.3984375
365,515.1230469,117.6960297,937.3187256
366,515.1452637,117.5203552,936.281189
367,515.1663818,117.2788086,935.2468262
368,515.1854248,117.0839157,934.1899414
369,515.206543,116.9219666,933.0689697
370,515.2266846,116.6474762,932.0085449
371,515.2489014,116.4690628,930.9433594
372,515.2689819,116.2275085,929.9174805
373,515.2901611,115.994194,928.8381958
374,515.3112183,115.7828369,927.8239136
375,515.3312988,115.587944,926.7836914
376,515.3525391,115.3683548,925.6942139
377,515.3747559,115.1322937,924.6378784
378,515.3948364,114.9456406,923.6030273
379,515.4160156,114.7287903,922.5314331
380,515.4350586,114.5284119,921.3691406
381,515.4572754,114.2896042,920.4112549
382,515.4763794,114.0590363,919.2849731
383,515.4985962,113.8339539,918.2547607
384,515.5175171,113.6473007,917.2160645
385,515.5375977,113.4386826,916.1593628
386,515.5566406,113.230072,915.1326904
387,515.5756836,113.026947,914.0407715
388,515.5916138,112.8842239,912.9891357
389,515.6116943,112.6508942,911.9561768
390,515.6307373,112.464241,910.8705444
391,515.6550903,112.2089691,909.8013306
392,515.6730957,111.975647,908.6647339
393,515.6898804,111.843895,907.7423706
394,515.7120972,111.6078339,906.5803833
395,515.7290649,111.4047089,905.5991211
396,515.7501831,111.2098236,904.3924561
397,515.7692261,110.984726,903.5406494
398,515.7872315,110.7733841,902.4125977
399,515.8062744,110.6086884,901.4425659
400,515.8253174,110.3643875,900.2981567
401,515.845459,110.1200943,899.2788086
402,515.8643799,109.9224625,898.2406006
403,515.8855591,109.6946335,897.0059204
404,515.9024658,109.4695511,895.9529419
405,515.9204102,109.3158341,894.9903565
406,515.9373169,109.1236954,893.9621582
407,515.9574585,108.873909,892.8154297
408,515.9754639,108.7284317,891.8175659
409,515.9934082,108.492363,890.7769775
410,516.0114136,108.2672806,889.7279053
411,516.029419,108.05867,888.6367798
412,516.0472412,107.8418274,887.6183472
413,516.0662842,107.6743851,886.5053711
414,516.0842896,107.4300842,885.4561768
415,516.1022949,107.210495,884.4369507
416,516.1203003,107.0457993,883.3820801
417,516.1383667,106.82621,882.3164673
418,516.1573486,106.5846558,881.1911011
419,516.1774292,106.3540878,880.0626221
420,516.194397,106.1372376,879.1550903
421,516.2111816,105.9560776,878.1271362
422,516.229187,105.7309952,877.0792847
423,516.24823,105.4812088,875.989624
424,516.2662354,105.3165131,874.9071045
425,516.2821045,105.1353455,873.8444824
426,516.3001099,104.8855591,872.8500977
427,516.3170166,104.6989059,871.8086548
428,516.3361206,104.4847946,870.7023926
429,516.354126,104.2679596,869.6401367
430,516.3710327,104.0401306,868.5769653
431,516.3878174,103.8424988,867.5680542
432,516.4058228,103.6530991,866.4009399
433,516.4216919,103.4691925,865.3740845
434,516.4396973,103.2413635,864.3418579
435,516.4577026,103.0135269,863.2304077
436,516.475647,102.7857056,862.2779541
437,516.4936523,102.5249405,861.0445557
438,516.5094605,102.3410339,860.0283203
439,516.5253906,102.110466,858.9499512
440,516.5432129,101.9485092,858.0141602
441,516.5612793,101.7344132,856.9129639
442,516.5803223,101.4956055,855.8423462
443,516.59729,101.2842484,854.7789307
444,516.6121216,101.0564194,853.7559815
445,516.6300659,100.856041,852.5949707
446,516.6448975,100.6638947,851.6016846
447,516.659729,100.4580307,850.571167
448,516.6734619,100.293335,849.5526123
449,516.6904297,100.1176605,848.3918457
450,516.7072144,99.83219147,847.4199219
451,516.7241821,99.62906647,846.3137817
452,516.7399902,99.39849854,845.3364868
453,516.7579956,99.19262695,844.2969971
454,516.7749634,98.98126984,843.0812378
455,516.7908325,98.73697662,842.0993042
456,516.805603,98.57228088,841.0774536
457,516.824707,98.34719849,839.9735107
458,516.8405762,98.1166153,838.9901733
459,516.8563232,97.89154053,837.9525757
460,516.8754273,97.6499939,836.8202515
461,516.892334,97.45510101,835.7860718
462,516.9082031,97.2492218,834.7727051
463,516.9251709,97.02141571,833.7114258
464,516.9420776,96.78809357,832.6765137
465,516.960083,96.56301117,831.6227417
466,516.9769898,96.31597137,830.5829468
467,516.9960327,96.09362793,829.4371948
468,517.0098267,95.89324951,828.4318237
469,517.0266113,95.65444183,827.3706055
470,517.0466919,95.42386627,826.2927856
471,517.062561,95.20702362,825.2892456
472,517.0784302,94.98194122,824.2392578
473,517.095398,94.74039459,823.0911865
474,517.1102295,94.59765625,822.0939941
475,517.1281738,94.34786224,820.9602051
476,517.1451416,94.16944885,819.8674927
477,517.1620483,93.91966248,818.9423828
478,517.1809692,93.67536926,817.8685913
479,517.2000122,93.41735077,816.8217773
480,517.216919,93.18952942,815.7984619
481,517.2338867,92.95620728,814.7817993
482,517.2497559,92.73936462,813.7288818
483,517.2677612,92.46487427,812.5652466
484,517.2836304,92.30291748,811.6017456
485,517.2984009,92.13822174,810.5767212
486,517.3164673,91.91863251,809.5080566
487,517.333374,91.6688385,808.4482422
488,517.3502197,91.45475006,807.3616943
489,517.3681641,91.23789215,806.2876587
490,517.387207,90.97987366,805.2365723
491,517.4052124,90.7383194,804.1846314
492,517.4232178,90.53794098,802.9993897
493,517.4401856,90.33482361,802.1052246
494,517.4570923,90.05209351,800.9971924
495,517.4761353,89.79682159,799.9729614
496,517.4941406,89.58546448,798.9331055
497,517.5130615,89.37684631,797.8150635
498,517.5310669,89.09413147,796.7460327
499,517.5480347,88.88825226,795.6647339
500,517.565979,88.65494537,794.6639404
501,517.585022,88.38593292,793.6620483
502,517.6030273,88.17458344,792.5180054
503,517.6188965,87.98243713,791.4917603
504,517.6379395,87.72715759,790.3613892
505,517.6570435,87.44718933,789.3873901
506,517.6739502,87.22484589,788.3391724
507,517.6907959,87.01898193,787.2508545
508,517.7077026,86.79663849,786.2121582
509,517.7235718,86.57429504,785.1397705
510,517.7436523,86.335495,784.0412598
511,517.7606201,86.14334869,783.0563965
512,517.7786255,85.91551971,781.9955444
513,517.7955322,85.71514893,780.937439
514,517.8145752,85.44065094,779.7994385
515,517.8325806,85.17440796,778.7633667
516,517.8525391,84.94657135,777.7277222
517,517.871582,84.69677734,776.5985718
518,517.8895874,84.47718811,775.5466309
519,517.9054565,84.28230286,774.5081177
520,517.9234009,84.0187912,773.4039917
521,517.9414063,83.7937088,772.3207398
522,517.9603882,83.54118347,771.3192749
523,517.9783936,83.32982635,770.2008057
524,517.9942627,83.13493347,769.2805786
525,518.0153198,82.82201385,768.1471558
526,518.0343628,82.63261414,767.0253296
527,518.0523071,82.35264587,765.9862061
528,518.0681763,82.15500641,764.9336548
529,518.0862427,81.96560669,763.7728272
530,518.1073608,81.68013763,762.7739868
531,518.1253662,81.41387177,761.5783691
532,518.1433106,81.26290894,760.6781616
533,518.1623535,80.96096802,759.6645508
534,518.1813965,80.71118164,758.5424194
535,518.1983032,80.49158478,757.5092773
536,518.2173462,80.28572083,756.451416
537,518.2374878,80.02770233,755.3794556
538,518.2576294,79.76145172,754.2316284
539,518.2724609,79.55008698,753.2441406
540,518.2925415,79.33049774,752.1691284
541,518.3095093,79.06149292,751.1564941
542,518.3274536,78.85562134,750.1170654
543,518.3465576,78.60309601,748.9832764
544,518.3644409,78.40821075,747.8361206
545,518.3834839,78.16116333,746.8878174
546,518.4046021,77.90039825,745.8718872
547,518.4215698,77.6725769,744.789978
548,518.4417114,77.37063599,743.7975464
549,518.4586792,77.19221497,742.6231079
550,518.4777222,76.94517517,741.571228
551,518.4957275,76.69538879,740.5847778
552,518.5147705,76.50049591,739.4784546
553,518.5338135,76.23149872,738.4434204
554,518.5516968,76.02562714,737.3436279
555,518.5708008,75.80878448,736.3735352
556,518.5898438,75.55076599,735.2546997
557,518.611023,75.25431061,734.2696533
558,518.6311646,75.00452423,733.0585327
559,518.6481323,74.80414581,732.0906982
560,518.6671753,74.60926056,731.0618897
561,518.6841431,74.378685,730.0269775
562,518.703186,74.11243439,728.9742432
563,518.7210693,73.86813354,727.9084473
564,518.7390137,73.67873383,726.8398438
565,518.7581177,73.4152298,725.7147217
566,518.7792358,73.18190765,724.7195435
567,518.7993164,72.95682526,723.6143799
568,518.8184204,72.6603775,722.6351929
569,518.838562,72.45450592,721.574707
570,518.857605,72.19374084,720.3939209
571,518.876709,71.97140503,719.3869629
572,518.8978272,71.69691467,718.3309326
573,518.9157715,71.46360016,717.3244019
574,518.9337158,71.25224304,716.2588501
575,518.9528198,71.00245667,715.1951904
576,518.9707642,70.7828598,714.0023804
577,518.9909058,70.5577774,713.1198731
578,519.0099487,70.32171631,712.053894
579,519.0321655,70.01977539,710.8901367
580,519.0522461,69.81665802,709.8676758
581,519.0713501,69.57785034,708.8646851
582,519.0913696,69.31708527,707.7556763
583,519.1083374,69.11396027,706.7285156
584,519.1262817,68.89985657,705.6987915
585,519.1464233,68.63085175,704.6269531
586,519.1675415,68.38381195,703.5446777
587,519.1876831,68.14226532,702.4476318
588,519.206665,67.91443634,701.4796753
589,519.2268066,67.68660736,700.3799439
590,519.2458496,67.43132782,699.3190918
591,519.2637329,67.18703461,698.2905273
592,519.2869873,66.91529083,697.1116943
593,519.3071289,66.717659,696.0149536
594,519.3283081,66.44042206,694.9746094
595,519.3463135,66.20436096,693.7641602
596,519.3632202,66.03417206,692.887085
597,519.385437,65.79811096,691.8266602
598,519.4087524,65.46048737,690.736145
599,519.4299316,65.23540497,689.5672607
600,519.4467773,65.04051971,688.6624756
601,519.4657593,64.78798676,687.5979004
602,519.4890137,64.54369354,686.5557861
603,519.5090942,64.2664566,685.4645386
604,519.5281982,64.085289,684.3894043
605,519.550415,63.75041199,683.2838745
606,519.569458,63.58846664,682.2670288
607,519.5927734,63.27554703,681.2232056
608,519.6096802,63.10536194,680.2202148
609,519.6309204,62.80342484,679.0368042
610,519.6477051,62.60853577,678.1638184
611,519.6699219,62.38070679,676.9794922
612,519.6911621,62.18307495,675.9667969
613,519.7091065,61.93328857,674.8324585
614,519.7302856,61.66703415,673.795105
615,519.7504273,61.41175842,672.7650147
616,519.7747192,61.1207962,671.6514282
617,519.791687,60.94512177,670.5935669
618,519.81073,60.71455002,669.5911255
619,519.829773,60.44005966,668.5346069
620,519.8487549,60.26164246,667.4559937
621,519.8731079,59.97068024,666.3998413
622,519.8953247,59.73461914,665.2960815
623,519.9154053,59.49581146,664.2907715
624,519.9376221,59.23504639,663.2279053
625,519.9588013,58.97428131,662.1260986
626,519.9788818,58.73822021,661.0559692
627,519.9990234,58.49666977,659.996521
628,520.019104,58.25511551,658.9772949
629,520.0401611,58.04924774,657.8740845
630,520.0623779,57.82142258,656.8413086
631,520.0835571,57.53046036,655.8122559
632,520.1036377,57.29165649,654.6254883
633,520.1237793,57.06931686,653.699585
634,520.1448975,56.84698105,652.569519
635,520.1682129,56.57798004,651.4758301
636,520.1904297,56.34466171,650.5112915
637,520.2116089,56.08115005,649.3624878
638,520.2348633,55.79019165,648.3868408
639,520.2527466,55.60628128,647.3130493
640,520.2781372,55.34002686,646.2624512
641,520.2982788,55.09847641,645.21521
642,520.3204956,54.84594345,644.1420898
643,520.343811,54.55223846,643.0856323
644,520.3649292,54.31617737,642.0330811
645,520.381897,54.15971756,640.9573364
646,520.4051514,53.86601257,639.9205933
647,520.4252319,53.67387009,638.7634277
648,520.4473267,53.42133713,637.7609863
649,520.4696045,53.18527603,636.7558594
650,520.4907227,52.95470428,635.6790772
651,520.5108643,52.71040726,634.5887451
652,520.5288086,52.48532486,633.5886841
653,520.5542603,52.23279572,632.4888916
654,520.5796509,51.93360138,631.456604
655,520.5986939,51.75518036,630.3875732
656,520.6209106,51.50265121,629.3625488
657,520.6410523,51.2556076,628.3639526
658,520.6621094,51.04699707,627.2570801
659,520.6832886,50.81916809,626.1598511
660,520.7023315,50.59683228,625.1243897
661,520.725647,50.47880173,624.145874
662,520.7457275,50.37723923,623.0631104
663,520.7700806,50.15490341,621.9215088
664,520.793335,49.81179047,620.8960571
665,520.8155518,49.56749344,619.9028931
666,520.836731,49.33417511,618.7611084
667,520.8620606,49.02674484,617.7930298
668,520.885376,48.98282623,616.770752
669,520.9055176,48.62324524,615.7098389
670,520.9276733,48.40914154,614.5397949
671,520.9436035,48.29934692,613.585083
672,520.9647217,48.14837646,612.2172852
673,520.9805908,47.92604065,611.3134155
674,520.99646,47.81075287,610.369812
675,521.0144043,47.4813652,609.272644
676,521.0323486,47.36058807,608.1072388
677,521.0491943,47.05590439,607.0907593
678,521.0640259,46.79788208,606.0923462
679,521.0777588,46.72651672,605.0720215
680,521.0968018,46.35595322,603.916687
681,521.1095581,46.18576813,602.9811401
682,521.1264648,46.10342407,601.9494629
683,521.1434326,45.81520844,600.8270874
684,521.1593018,45.74658585,599.7405396
685,521.1730347,45.41994095,598.7088623
686,521.1920166,45.12074661,597.697876
687,521.2078857,44.98350143,596.6090088
688,521.2248535,44.81606293,595.5695801
689,521.2417603,44.65411377,594.5515747
690,521.2597046,44.49765396,593.4735107
691,521.2766724,44.18473434,592.4390259
692,521.2957153,43.82514954,591.366272
693,521.3157959,43.53693771,590.3369141
694,521.3348999,43.30361938,589.1968384
695,521.3527222,43.07579041,588.19104
696,521.375,42.78757858,586.9884644
697,521.3961792,42.5487709,585.9841919
698,521.4172974,42.31270981,584.9515991
699,521.437439,42.0656662,583.8467407
700,521.4586792,41.75549316,582.7427979
701,521.4777222,41.57707214,581.7731934
702,521.4956665,41.34375763,580.725647
703,521.5179443,41.13514328,579.659668
704,521.5369873,40.8743782,578.5975342
705,521.5548706,40.66576385,577.5140381
706,521.5739136,40.45166397,576.456604
707,521.591919,40.25952148,575.4123535
708,521.6067505,40.0316925,574.367981
709,521.6257935,39.80935669,573.2561646
710,521.6416626,39.59525299,572.262146
711,521.6585693,39.40036392,571.2080078
712,521.6776123,39.16155624,570.1070557
713,521.694519,38.96117783,568.9511108
714,521.7103272,38.76354599,568.0049439
715,521.7283325,38.53846359,566.8533325
716,521.7420044,38.36553574,565.9434204
717,521.756897,38.16515732,564.8817749
718,521.7790527,37.87694168,563.7948608
719,521.7960205,37.61617661,562.579773
720,521.8108521,37.46795273,561.6413574
721,521.8278198,37.27855301,560.6211548
722,521.8447266,37.06719589,559.5865479
723,521.8584595,36.8970108,558.4970703
724,521.8721314,36.74055099,557.5064697
725,521.8880005,36.46606064,556.3850098
726,521.9038696,36.27666092,555.300293
727,521.9176636,36.0762825,554.2709351
728,521.9324951,35.89237595,553.1696167
729,521.9462891,35.71395493,552.1680908
730,521.9621582,35.49985504,551.0675049
731,521.9801636,35.26928329,550.0656128
732,521.9938965,35.09086227,548.8501587
733,522.0064697,34.94812775,547.8832398
734,522.0223389,34.74500656,546.7635498
735,522.0361328,34.55286026,545.8182373
736,522.052002,34.33601379,544.7449341
737,522.0689087,34.0999527,543.7320557
738,522.0827026,33.89133835,542.62146
739,522.0964356,33.70743179,541.586853
740,522.1144409,33.48783875,540.5153198
741,522.1303101,33.29294968,539.4275513
742,522.1450806,33.08433533,538.4135132
743,522.1629639,32.84553146,537.3206787
744,522.1766968,32.66711044,536.3389893
745,522.1915283,32.48320389,535.2434082
746,522.2063599,32.22518158,534.1134033
747,522.2190552,32.09068298,533.1300049
748,522.236023,31.79972267,532.0424194
749,522.2497559,31.6405201,531.0244141
750,522.265625,31.40720367,529.9818115
751,522.2804565,31.21231461,528.7796631
752,522.2972412,30.99546814,527.8647461
753,522.3099365,30.80332375,526.8110352
754,522.3247681,30.58922195,525.7192383
755,522.3374634,30.42178154,524.7055054
756,522.3512573,30.22963905,523.5854492
757,522.3660889,29.99906731,522.4468384
758,522.3808594,29.79045486,521.3914795
759,522.3967285,29.54890251,520.4349976
760,522.411499,29.38695335,519.4284058
761,522.425293,29.18383026,518.2785645
762,522.44104,28.96972847,517.265625
763,522.4558716,28.75013542,516.1657715
764,522.4685669,28.57446098,515.0836182
765,522.4833984,28.31369591,514.0562134
766,522.4992676,28.10782814,512.9640503
767,522.5130005,27.92666435,511.9938049
768,522.527832,27.74000931,510.8764954
769,522.5447998,27.50394821,509.8518066
770,522.5574341,27.29259109,508.822937
771,522.571106,27.089468,507.7892151
772,522.5870361,26.89457893,506.7392273
773,522.600769,26.71067047,505.4983521
774,522.6155396,26.45813942,504.4476624
775,522.6314087,26.24403763,503.5346985
776,522.6462402,26.02444458,502.5074158
777,522.6610718,25.82955551,501.4101563
778,522.6748047,25.65113831,500.296051
779,522.6906738,25.37664795,499.1768189
780,522.7044678,25.15431023,498.1340942
781,522.7213745,24.94020653,497.1382141
782,522.7372437,24.6849308,496.0092163
783,522.7510376,24.52023697,495.0384522
784,522.7669067,24.29789925,494.0119934
785,522.7806397,24.09752083,492.7994995
786,522.7965088,23.84498978,491.9341126
787,522.812439,23.64461136,490.7510071
788,522.8240967,23.4826622,489.6727905
789,522.8388672,23.2466011,488.7496643
790,522.8535767,23.02426338,487.5306397
791,522.8684082,22.82114029,486.6077576
792,522.8832398,22.59331322,485.2980957
793,522.8948975,22.39567947,484.4524536
794,522.909668,22.18706703,483.4658203
795,522.9224243,22.01413918,482.4016113
796,522.9361572,21.78905678,481.2527466
797,522.9509888,21.57495308,480.3116455
798,522.9678955,21.31693268,479.1507874
799,522.9836426,21.11106491,477.9920349
800,522.9963379,20.92715645,476.9562683
801,523.0100708,20.69658279,475.8244019
802,523.0238648,20.49620628,474.9176025
803,523.0397339,20.24916458,473.7279663
804,523.0545654,19.98290825,472.7823181
805,523.0693359,19.76606178,471.7534485
806,523.0852661,19.53274345,470.5112
807,523.0990601,19.32687569,469.6240234
808,523.1138306,19.12100792,468.5311585
809,523.12854,18.87671089,467.4489746
810,523.1444092,18.61869049,466.3126221
811,523.1582031,18.39086342,465.3682861
812,523.171936,18.157547,464.3091431
813,523.1878662,17.90501595,463.2027588
814,523.2015991,17.73208618,462.1965942
815,523.2174683,17.50974846,461.0951538
816,523.2312012,17.25447273,460.0665588
817,523.2449951,17.07056427,459.0402222
818,523.2618408,16.80979919,458.0087585
819,523.2766113,16.58197212,456.9511414
820,523.2903442,16.35139847,455.8565064
821,523.307312,16.1235714,454.7967224
822,523.3231812,15.85731697,453.6969605
823,523.3390503,15.59106064,452.5179749
824,523.3538208,15.36872292,451.620636
825,523.3676148,15.17658043,450.4876099
826,523.3835449,14.9322834,449.3872681
827,523.3962402,14.70445633,448.3552246
828,523.4119873,14.45192528,447.386322
829,523.4278565,14.22958755,446.3576965
830,523.4448242,13.9660759,445.230072
831,523.4585571,13.75471878,444.2725525
832,523.4744873,13.51042175,442.9606018
833,523.4892578,13.25240135,442.045929
834,523.5062256,13.02182961,440.8915405
835,523.5210571,12.81596184,439.9007874
836,523.5358887,12.57166481,438.8587952
837,523.5516357,12.33560371,437.8320923
838,523.5685425,12.07483673,436.847168
839,523.5844116,11.81681633,435.7904358
840,523.6003418,11.58075333,434.6179199
841,523.6171875,11.33096695,433.684967
842,523.6331177,11.0674572,432.6455689
843,523.6469116,10.88080406,431.5319519
844,523.6638184,10.61180305,430.415802
845,523.6775513,10.37574005,429.4816284
846,523.694519,10.15340424,428.1502075
847,523.7102661,9.91459656,427.2792664
848,523.7229614,9.75813675,426.2370911
849,523.737793,9.494627,425.2215271
850,523.7536621,9.23935127,424.1656494
851,523.7695313,8.97583961,423.1520386
852,523.7885742,8.69036865,421.9773254
853,523.8045044,8.47901154,421.0169067
854,523.8214722,8.22373581,419.7736816
855,523.8362427,8.00414276,418.8758545
856,523.854187,7.73514223,417.8827515
857,523.8700562,7.47163153,416.7581482
858,523.8848267,7.25478411,415.655304
859,523.902832,6.99676275,414.7207336
860,523.921875,6.7222724,413.5939636
861,523.935669,6.52463913,412.5879517
862,523.9525757,6.2775979,411.4082642
863,523.9696045,6.00585222,410.4364319
864,523.9876099,5.72038221,409.3002625
865,524.0066528,5.45961618,408.3218079
866,524.0235596,5.196105,407.227356
867,524.0383911,5.01219654,406.0724182
868,524.0542603,4.6992774,405.1849365
869,524.0733643,4.46870518,403.942749
870,524.0881958,4.24636793,403.024292
871,524.1062012,3.94442844,401.982544
872,524.12323,3.7220912,400.8511963
873,524.1381226,3.51622343,399.8508911
874,524.1550293,3.23898792,398.7598267
875,524.1751099,2.96724224,397.7712097
876,524.1921387,2.65157819,396.7031555
877,524.2059326,2.44845533,395.6581116
878,524.2229004,2.24533224,394.490509
879,524.2398682,2.00103569,393.4759522
880,524.2589722,1.68811655,392.3448792
881,524.2770386,1.4355855,391.3394775
882,524.2940064,1.20501328,390.2464294
883,524.3098755,0.96346188,389.2554321
884,524.3288574,0.69720602,388.0879517
885,524.3457642,0.44192982,387.0361023
886,524.3638306,0.20861292,385.9588623
887,524.3807983,-0.06313276,384.8627014
888,524.4019775,-0.33762312,383.8407288
889,524.4189453,-0.57642984,382.8062439
890,524.4359741,-0.80700207,381.7410889
891,524.4540405,-1.0760026,380.649353
892,524.4710083,-1.31206465,379.6322937
893,524.4943237,-1.64419794,378.5689697
894,524.5112305,-1.92143345,377.5499878
895,524.5355835,-2.24533224,376.2634277
896,524.5504761,-2.4210062,375.4156494
897,524.5706787,-2.68726158,374.284668
898,524.5918579,-3.0166502,373.2842407
899,524.6077881,-3.23349762,372.1112976
900,524.6300049,-3.52445793,371.0245361
901,524.6512451,-3.80443764,370.1088562
902,524.6682129,-4.05971432,369.0502014
903,524.6903687,-4.36988831,367.9576721
904,524.7147827,-4.69927692,366.9099731
905,524.7370606,-4.96278763,365.8252564
906,524.7688599,-5.35805416,364.8121338
907,524.7943726,-5.70116711,363.6972351
908,524.8220215,-6.0223217,362.6932068
909,524.8463745,-6.2638731,361.6227417
910,524.8760986,-6.54110813,360.5667725
911,524.9036865,-6.77717018,359.4465332
912,524.9365845,-7.03519154,358.4290161
913,524.9746094,-7.24380398,357.2727356
914,525.0043335,-7.47437572,356.3319092
915,525.0340576,-7.60613155,355.2851868
916,525.0668945,-7.74612141,354.2253418
917,525.1061401,-7.83944798,353.1275635
918,525.1411743,-7.92728519,352.0971069
919,525.1931763,-8.00414276,351.0247803
920,525.2260742,-8.03982639,349.9677734
921,525.2802734,-7.9657135,348.9301148
922,525.3183594,-7.94649982,347.8943787
923,525.3639526,-7.87787724,346.6842346
924,525.4095459,-7.66651917,345.7351074
925,525.4636841,-7.41947746,344.6748352
926,525.5167236,-7.06538486,343.5876465
927,525.5772095,-6.51640415,342.5060425
928,525.6419678,-5.95095348,341.42276
929,525.6981812,-5.34432983,340.3925171
930,525.7670898,-4.51536846,339.3552856
931,525.8349609,-3.7248354,338.2565918
932,525.8900147,-2.97822189,337.2310486
933,525.9696045,-2.02024984,336.1251221
934,526.0491943,-1.01286983,335.1546021
935,526.1309815,0.04117346,334.0510864
936,526.1998901,0.90856361,332.9293213
937,526.28479,1.91594386,331.9282837
938,526.3494873,2.72294569,330.8831177
939,526.4365234,3.76051998,329.7759399
940,526.5223389,4.72672653,328.7644959
941,526.5858765,5.46236086,327.7204285
942,526.6505737,6.16505671,326.6576538
943,526.7429199,7.18616152,325.6028137
944,526.8118286,7.88062239,324.4966431
945,526.8850708,8.66566467,323.4430542
946,526.9783936,9.56324959,322.3220825
947,527.0261231,10.02164841,321.3088989
948,527.1088867,10.81767082,320.2582398
949,527.1746216,11.32822227,319.1674194
950,527.2443848,11.95131683,318.2697449
951,527.3259888,12.62107277,316.9799194
952,527.3938599,13.17005348,315.9569397
953,527.4553833,13.64492226,314.9057617
954,527.5106201,14.00176048,313.8340454
955,527.5743408,14.45192528,312.776947
956,527.6316528,14.86366081,311.6439209
957,527.6932373,15.25069237,310.6297302
958,527.7526856,15.65419388,309.5809937
959,527.8110352,16.00279617,308.5042725
960,527.8692627,16.32943916,307.4793396
961,527.9179688,16.6066761,306.4036865
962,527.9785156,16.92233849,305.2984009
963,528.0283814,17.18859482,304.2178955
964,528.0836182,17.45759583,303.0735474
965,528.1313477,17.65797424,302.139679
966,528.1812134,17.86109734,301.0874634
967,528.2279663,18.03402519,300.0212097
968,528.2821045,18.22891426,298.8166504
969,528.3243408,18.41831207,297.8635254
970,528.3742676,18.58849716,296.8125916
971,528.4188843,18.70927238,295.7904968
972,528.468811,18.8986702,294.6936951
973,528.5015869,18.94808006,293.6991272
974,528.545166,19.17865181,292.6032715
975,528.5897217,19.31864166,291.5591736
976,528.6385498,19.40647888,290.4831848
977,528.6841431,19.48608017,289.3930359
978,528.7276001,19.60960197,288.4046326
979,528.7679443,19.67273331,287.3348389
980,528.8114014,19.80723381,286.2821045
981,528.8464356,19.85664368,285.2218933
982,528.8856812,19.92801094,284.1506043
983,528.9313965,20.00486755,283.0627136
984,528.9759522,20.04878616,281.9318543
985,529.0162354,20.10643005,280.8570252
986,529.0523071,20.14760208,279.9252319
987,529.0957642,20.17779732,278.8278503
988,529.1305542,20.2025013,277.774231
989,529.1697998,20.22720528,276.7039795
990,529.2069092,20.26563454,275.6169128
991,529.2504273,20.30131721,274.6416626
992,529.2896729,20.29308319,273.532196
993,529.3257446,20.3370018,272.4779358
994,529.3596802,20.33974648,271.418396
995,529.3936157,20.32053185,270.356842
996,529.4318237,20.33974648,269.329834
997,529.4753418,20.35346985,268.2850952
998,529.5135498,20.30131721,267.2336121
999,529.5495606,20.32876587,266.1539002
1000,529.5877686,20.26563454,265.0656128
1001,529.6228638,20.29033852,264.0675354
1002,529.6599731,20.27112389,262.9787598
1003,529.6885986,20.24916458,261.8511658
1004,529.7279053,20.26288795,260.8998718
1005,529.7649536,20.23818398,259.8487854
1006,529.796875,20.17230606,258.647644
1007,529.8361206,20.15583801,257.6513672
1008,529.8689575,20.12564278,256.6745911
1009,529.9018555,20.07897949,255.6001434
1010,529.9464111,20.02133751,254.5510712
1011,529.9856567,19.99388885,253.4710999
1012,530.0132446,19.8978157,252.4307556
1013,530.0482178,19.88134766,251.3635101
1014,530.0843506,19.83468437,250.3425293
1015,530.12146,19.74410248,249.2571259
1016,530.1564941,19.67822456,248.1739349
1017,530.1936646,19.61234665,247.1461029
1018,530.2297974,19.59862137,246.0744324
1019,530.2562866,19.53274345,245.0123901
1020,530.2998657,19.45863152,243.8899689
1021,530.3359375,19.40373421,242.9086762
1022,530.364624,19.34883499,241.851471
1023,530.4081421,19.26374245,240.792038
1024,530.4420776,19.15120316,239.6838989
1025,530.4782105,19.07159996,238.6679993
1026,530.5090332,19.01670265,237.5247345
1027,530.5408936,18.93435478,236.5513611
1028,530.5726318,18.87122154,235.3996429
1029,530.6087647,18.80259895,234.4483032
1030,530.6469116,18.7422123,233.3985291
1031,530.6841431,18.61045647,232.2255707
1032,530.7160034,18.52536392,231.2361298
1033,530.7542114,18.46497536,230.2249756
1034,530.7944336,18.35243416,229.1676025
1035,530.8271484,18.27283287,228.1407318
1036,530.866394,18.18225098,226.9126282
1037,530.8950195,18.11637306,225.8988342
1038,530.942749,17.97912788,224.7380829
1039,530.9713745,17.94069862,223.7588043
1040,531.0095825,17.82266808,222.7154846
1041,531.0435181,17.7073822,221.6325226
1042,531.0806885,17.61131096,220.5936127
1043,531.1167603,17.50425911,219.4969788
1044,531.1528931,17.4603405,218.445221
1045,531.185791,17.30113602,217.3709259
1046,531.2250977,17.19957542,216.2360382
1047,531.2579346,17.14193153,215.2746124
1048,531.295044,17.00743103,214.2345886
1049,531.3342285,16.88116646,213.1613312
1050,531.3660889,16.77136993,212.070755
1051,531.4011841,16.72196198,211.0063324
1052,531.4351196,16.57373619,209.9009399
1053,531.4743652,16.51883888,208.8450012
1054,531.5091553,16.38433838,207.8226776
1055,531.5462647,16.2470932,206.807663
1056,531.5834351,16.17023468,205.7416992
1057,531.6237793,16.04397011,204.7076416
1058,531.6630859,15.89025497,203.6258545
1059,531.6948853,15.82712173,202.5717926
1060,531.7288818,15.72007179,201.4911957
1061,531.7776489,15.5498867,200.4224854
1062,531.8052368,15.48400879,199.3700409
1063,531.8477173,15.33304024,198.309372
1064,531.8795776,15.24794769,197.2194519
1065,531.9209595,15.10795784,196.1703033
1066,531.9538574,15.02835464,195.1344452
1067,531.9974365,14.88287544,193.9358826
1068,532.0388184,14.75660896,192.9866791
1069,532.0706177,14.63034439,191.9381104
1070,532.1066895,14.5507412,190.8838654
1071,532.154419,14.36957741,189.7402191
1072,532.1904907,14.27625084,188.779068
1073,532.2318726,14.16919899,187.7119446
1074,532.2678833,14.06489372,186.6403656
1075,532.3081665,13.91117859,185.5864258
1076,532.3410034,13.81785202,184.540741
1077,532.3739014,13.70531082,183.4302063
1078,532.4067993,13.60375023,182.4161835
1079,532.4503174,13.48846245,181.3964386
1080,532.4938355,13.34298325,180.3278961
1081,532.5394287,13.22769737,179.1790619
1082,532.5819092,13.09594154,178.2033691
1083,532.6221314,12.93399239,177.1664276
1084,532.6560669,12.82145119,176.1192474
1085,532.7070313,12.68146133,175.0271759
1086,532.7377319,12.6293087,173.9724884
1087,532.7716675,12.48657227,172.7880707
1088,532.8098755,12.38775635,171.7972565
1089,532.8651123,12.24502182,170.7160492
1090,532.9011841,12.10228539,169.6742554
1091,532.9436035,11.93484688,168.6166229
1092,532.9849854,11.83603096,167.5761871
1093,533.0369873,11.70427513,166.4988861
1094,533.0729981,11.54232597,165.450882
1095,533.1185913,11.4489994,164.4044037
1096,533.1535645,11.33096695,163.2597199
1097,533.1950073,11.17450905,162.2473297
1098,533.2458496,11.0894165,161.1333313
1099,533.2893677,10.94393539,160.0504761
1100,533.3254395,10.8204155,159.1229096
1101,533.3634033,10.69414902,158.2593079
1102,533.4153442,10.55141449,156.9745026
1103,533.4577637,10.4608326,155.9536438
1104,533.5161133,10.27966881,154.7709503
1105,533.5501099,10.17536354,153.7977753
1106,533.5935669,10.03537369,152.6399994
1107,533.6402588,9.92557716,151.6893311
1108,533.6879883,9.78284073,150.6175995
1109,533.7335815,9.60442352,149.5914459
1110,533.7844238,9.46992302,148.5774536
1111,533.8287964,9.38483047,147.4831543
1112,533.8786011,9.23935127,146.4294128
1113,533.9242554,9.09387016,145.2640076
1114,533.9730225,8.95936966,144.3181
1115,534.0250244,8.83310509,143.2164459
1116,534.069519,8.70958328,142.2043762
1117,534.1162109,8.50920486,141.2022247
1118,534.1713257,8.4158783,140.0792847
1119,534.2179565,8.24569511,138.9855499
1120,534.2591553,8.19628716,138.1394959
1121,534.3132935,8.01237679,136.9960175
1122,534.3600464,7.89434671,135.9048157
1123,534.4046021,7.76808119,134.8435822
1124,534.4545288,7.63358068,133.7513428
1125,534.5181885,7.46614122,132.7174835
1126,534.5680542,7.3316412,131.5779419
1127,534.6168213,7.22458982,130.5261688
1128,534.6678467,7.10106897,129.5417328
1129,534.7208862,6.95009947,128.4407959
1130,534.7770996,6.76893568,127.3534699
1131,534.8386231,6.64541483,126.3804627
1132,534.8884277,6.53287363,125.2583237
1133,534.9447022,6.43131208,124.1990814
1134,534.9945068,6.32151604,123.1944656
1135,535.043335,6.20348501,122.1218872
1136,535.105957,6.01408672,121.0857697
1137,535.1569214,5.88507605,119.91922
1138,535.22052,5.75881052,118.7956696
1139,535.272522,5.61333084,117.9097214
1140,535.3425903,5.48432016,116.7962723
1141,535.3967285,5.35805464,115.7650452
1142,535.4645996,5.22355413,114.567131
1143,535.5228882,5.09454346,113.6595154
1144,535.5844116,4.92435932,112.4781418
1145,535.6364136,4.81456327,111.5181885
1146,535.7000122,4.67182827,110.4777908
1147,535.7668457,4.54830742,109.3534546
1148,535.8230591,4.39733791,108.3502731
1149,535.888855,4.25185776,107.2605667
1150,535.9577637,4.12559223,106.2575378
1151,536.0203247,3.9773674,105.0508652
1152,536.0945435,3.82914257,104.0923615
1153,536.1623535,3.7220912,102.9837341
1154,536.2143555,3.6315093,101.9534454
1155,536.2758179,3.50249863,100.9216538
1156,536.3533325,3.3542738,99.8629837
1157,536.4116821,3.21428394,98.82518768
1158,536.4902954,3.07703853,97.6811676
1159,536.5655518,2.95900774,96.62858582
1160,536.6334839,2.76411939,95.57247162
1161,536.7067261,2.68451715,94.44467163
1162,536.8021851,2.48139405,93.36745453
1163,536.8859863,2.36336327,92.40358734
1164,536.949707,2.1876893,91.35118103
1165,537.0239258,2.10259724,90.25141907
1166,537.0960693,1.94888258,89.22372437
1167,537.1904907,1.81438231,88.15779114
1168,537.2817383,1.6689024,87.07226563
1169,537.3527222,1.50420809,86.0111084
1170,537.4301758,1.3944118,84.97760773
1171,537.5032349,1.26814628,83.93069458
1172,537.5944824,1.19677877,82.81202698
1173,537.7005615,1.00189018,81.84443665
1174,537.7738037,0.84817553,80.78907776
1175,537.8544312,0.7356348,79.70090485
1176,537.972168,0.52153206,78.66397858
1177,538.0410767,0.4885931,77.59317017
1178,538.1546631,0.31291914,76.53312683
1179,538.2373047,0.18939877,75.46562958
1180,538.326355,0.07411242,74.37806702
1181,538.4272461,-0.05764294,73.34333801
1182,538.5078125,-0.21959209,72.29698181
1183,538.6360474,-0.33213329,71.26006317
1184,538.7081909,-0.42820501,70.18134308
1185,538.8355103,-0.59289932,69.06796265
1186,538.9596558,-0.7301445,68.08963776
1187,539.0477295,-0.864645,67.05935669
1188,539.1792603,-1.04031897,65.97840881
1189,539.2949219,-1.20226812,64.92664337
1190,539.4106445,-1.29559517,63.82444
1191,539.5357666,-1.40813589,62.77718353
1192,539.6376343,-1.51518726,61.7745018
1193,539.7639771,-1.66615725,60.71318054
1194,539.9018555,-1.7896781,59.6797905
1195,540.0429077,-1.90770864,58.57928085
1196,540.1713867,-2.10534191,57.54518127
1197,540.3156128,-2.23435259,56.41426468
1198,540.4991455,-2.40453672,55.38100433
1199,540.5498657,-2.43198586,54.78171158
1200,540.6008301,-2.50060844,54.59069824
1201,540.6504517,-2.54452658,54.33900452
1202,540.7003174,-2.57197571,54.03960419
1203,540.7501831,-2.68451691,53.54040527
1204,540.7999878,-2.62961864,53.29964447
1205,540.850708,-2.73392534,52.89994431
1206,540.9006348,-2.77235365,52.62871933
1207,540.9502564,-2.82999706,52.15494156
1208,541.0001221,-2.83823156,51.84542084
1209,541.0507813,-2.89038467,51.44504929
1210,541.100647,-2.92057896,51.33240891
1211,541.1504517,-2.97822189,50.82765961
1212,541.2003174,-2.97822189,50.58994293
1213,541.2501221,-3.05233383,50.1868782
1214,541.3000488,-3.06331348,49.75205231
1215,541.3508301,-3.1346817,49.48402786
1216,541.4006958,-3.18408966,49.43712234
1217,541.4505615,-3.20330429,49.57006836
1218,541.5003662,-3.22800827,49.36484146
1219,541.5501709,-3.2417326,49.39518738
1220,541.5999756,-3.23624325,49.74102783
1221,541.6506958,-3.24996758,49.6263237
1222,541.7006226,-3.24996758,49.53752136
1223,541.7504273,-3.24447727,49.79175568
1224,541.8002319,-3.25545692,49.84301758
1225,541.8500977,-3.23898792,49.72727966
1226,541.8999634,-3.21977329,49.87720108
1227,541.9508667,-3.24996758,50.35651398
1228,542.0007324,-3.2252636,50.0937767
1229,542.0506592,-3.2252636,49.96317673
1230,542.1005859,-3.21428394,49.80114365
1231,542.1503906,-3.23624325,49.86506653
1232,542.2002564,-3.25271225,49.87223434
1233,542.2501221,-3.27741623,50.12352753
1234,542.2999878,-3.26094723,49.9086113
1235,542.3509522,-3.25271225,50.02820969
1236,542.4006958,-3.26094723,49.8408165
1237,542.4506226,-3.32682419,50.00889206
1238,542.5004273,-3.2636919,50.02707672
1239,542.550354,-3.26918125,49.98632813
1240,542.6002197,-3.25271225,49.78127289
1241,542.6500855,-3.26094723,50.12462616
1242,542.6999512,-3.2801609,49.93396759
1243,542.7509155,-3.2582016,50.04308319
1244,542.8007202,-3.27467155,50.02326584
1245,542.8505859,-3.28290653,49.82315063
1246,542.9005127,-3.28290653,49.82045746
1247,542.9504395,-3.29388618,50.01773071
1248,543.0001831,-3.2801609,49.95049667
1249,543.0501099,-3.26643658,50.13456345
1250,543.0999146,-3.30761051,50.14170074
1251,543.1508789,-3.29388618,50.01551056
1252,543.2006836,-3.2801609,50.22488785
1253,543.2506104,-3.30486584,49.91028976
1254,543.300415,-3.27467155,50.15272141
1255,543.3502808,-3.30212021,50.22323227
1256,543.4000855,-3.27741623,49.75590897
1257,543.4499512,-3.29388618,50.08330154
1258,543.4998779,-3.33780384,49.92625809
1259,543.5508423,-3.32682419,50.10146332
1260,543.600708,-3.29937553,50.06126404
1261,543.6505737,-3.32682419,49.98467255
1262,543.7005615,-3.31309986,49.96152115
1263,543.7504883,-3.29937553,50.1180191
1264,543.800354,-3.28839588,49.90253448
1265,543.8501587,-3.26918125,50.00891495
1266,543.9000244,-3.30761051,50.13619232
1267,543.9508667,-3.34054947,50.10313797
1268,544.0007935,-3.32407951,50.04693604
1269,544.0506592,-3.31309986,50.03205872
1270,544.1005859,-3.33231449,49.94333649
1271,544.1505127,-3.31035519,49.87168884
1272,544.2003784,-3.32956982,49.92679977
1273,544.2501831,-3.29663086,50.21056366
1274,544.3001099,-3.29388618,50.01939011
1275,544.3499756,-3.36250877,50.05244827
1276,544.4008179,-3.34054947,50.01222229
1277,544.4506836,-3.30486584,50.11914444
1278,544.5004883,-3.34329414,49.77904892
1279,544.550354,-3.31859016,49.89262772
1280,544.6002197,-3.32407951,49.89981461
1281,544.6500855,-3.34878349,50.0651207
1282,544.7000122,-3.32407951,49.97750854
1283,544.7498779,-3.31584549,49.72117233
1284,544.8008423,-3.31309986,50.11581421
1285,544.850708,-3.33780384,49.87772369
1286,544.9005737,-3.34329414,50.06898117
1287,544.9504395,-3.32133484,49.79175568
1288,545.0002441,-3.3707428,50.14556122
1289,545.0501709,-3.36525345,49.97252274
1290,545.1000366,-3.36525345,50.06677628
1291,545.1508789,-3.3542738,50.10479736
1292,545.2007446,-3.36250877,49.81711578
1293,545.2505493,-3.41466141,50.04363632
1294,545.300415,-3.40093708,50.08548737
1295,545.3501587,-3.37348843,49.75811768
